"a1","a2","a3","a4","a5","a6","a7","a8","a9","a10","a11","a12","a13","a14"
1,2,4,4,0,0,1,2,"22.08","11.46",1585,0,100,1213
0,2,8,4,0,0,0,2,"22.67",7,165,0,160,1
0,1,4,4,0,0,1,2,"29.58","1.75","1.25",0,280,1
0,1,5,3,1,1,1,2,"21.67","11.5",0,11,0,1
1,2,6,4,1,1,0,2,"20.17","8.17","1.96",14,60,159
0,2,8,8,1,1,0,2,"15.83",585,"1.5",2,100,1
1,2,3,4,0,0,0,2,"17.42","6.5",125,0,60,101
0,2,11,8,1,1,0,2,"58.67","4.46","3.04",6,43,561
1,1,2,8,0,0,0,2,"27.83",1,3,0,176,538
0,2,4,8,1,1,1,2,"55.75","7.08","6.75",3,100,51
1,2,14,8,1,1,1,2,"33.5","1.75","4.5",4,253,858
1,2,11,8,1,1,1,2,"41.42",5,5,6,470,1
1,1,8,8,1,1,1,2,"20.67","1.25",1375,3,140,211
1,2,14,8,1,1,1,2,"34.92",5,"7.5",6,0,1001
1,2,8,4,0,0,1,2,"58.58","2.71",2415,0,320,1
1,2,4,4,0,0,0,2,"48.08","6.04","0.04",0,0,2691
1,2,9,4,1,1,1,2,"29.58","4.5","7.5",2,330,1
0,2,6,4,1,1,0,2,"18.92",9,"0.75",2,88,592
1,1,4,4,0,0,0,2,20,"1.25",125,0,140,5
0,2,11,4,1,1,0,2,"22.42",5665,2585,7,129,3258
0,2,6,4,0,0,0,2,"28.17",585,"0.04",0,260,1005
0,1,6,4,1,0,1,2,"19.17",585,585,0,160,1
1,2,2,4,0,0,0,2,"41.17",1335,165,0,168,1
1,2,4,4,1,0,0,2,"41.58","1.75","0.21",0,160,1
1,2,6,4,0,0,0,2,"19.5",9585,"0.79",0,80,351
1,2,13,8,1,1,1,2,"32.75","1.5","5.5",3,0,1
1,1,4,4,0,0,0,2,"22.5",125,125,0,200,71
1,1,8,8,1,1,1,2,"33.17","3.04","2.04",1,180,18028
0,2,8,4,1,1,0,2,"30.67",12,2,1,220,20
1,2,8,4,1,1,1,2,"23.08","2.5",1085,11,60,2185
1,2,8,8,1,1,1,2,27,"0.75","4.25",3,312,151
0,1,14,8,0,0,1,2,"20.42","10.5",0,0,154,33
1,1,8,8,1,0,1,2,"52.33",1375,9460,0,200,101
1,2,9,8,1,1,1,2,"23.08","11.5",2125,11,290,285
1,2,7,4,0,1,1,2,"42.83","1.25",13875,1,352,113
1,1,1,1,0,1,0,2,"74.83",19,"0.04",2,0,352
1,2,6,4,1,0,1,1,25,"12.5",3,0,20,1
1,2,9,4,1,1,1,2,"39.58",13915,8625,6,70,1
0,2,8,4,1,1,1,2,"47.75",8,7875,6,0,1261
1,2,13,4,1,0,0,2,"23.17",0,"0.08500",0,0,1
1,1,6,4,0,0,1,2,"22.58","1.5","0.54",0,120,68
1,2,14,8,1,0,0,2,"26.75",1125,"1.25",0,0,5299
1,2,8,4,1,1,1,2,"63.33","0.54",585,3,180,1
1,1,8,4,0,1,0,2,"23.75",415,"0.04",2,128,7
0,2,11,4,1,1,1,2,"20.75","10.25","0.71",2,49,1
0,1,8,4,0,0,0,2,"24.5","1.75",165,0,132,1
1,2,8,4,0,0,0,2,"16.17","0.04","0.04",0,0,1
0,1,10,8,0,0,0,2,"29.5",2,2,0,256,18
0,2,8,4,1,1,0,2,"52.83",15,"5.5",14,0,2201
1,2,4,4,0,0,1,2,"32.33","3.5","0.5",0,232,1
1,1,3,8,0,0,0,2,"21.08",4125,"0.04",0,140,101
1,1,4,4,0,0,0,2,"28.17",125,"0.08500",0,216,2101
1,1,8,4,0,0,1,2,19,"1.75",2335,0,112,7
1,1,11,8,0,1,1,2,"27.58","3.25",5085,2,369,2
1,2,9,4,1,1,1,2,"27.83","1.5",2,11,434,36
1,2,6,5,1,1,0,2,40,"6.5","3.5",1,0,501
0,2,3,8,0,0,0,2,"37.33","2.5","0.21",0,260,247
1,1,9,4,1,0,1,2,"42.5",4915,3165,0,52,1443
1,2,7,4,1,1,1,2,"56.75","12.25","1.25",4,200,1
1,2,3,5,0,0,1,2,"43.17",5,"2.25",0,141,1
0,2,9,4,0,1,1,2,"23.75","0.71","0.25",1,240,5
1,2,3,4,1,1,0,2,"18.5",2,"1.5",2,120,301
0,2,3,5,0,0,0,1,"40.83","3.5","0.5",0,1160,1
0,2,11,8,1,0,0,2,"24.5","0.5","1.5",0,280,825
1,2,14,8,1,1,0,2,42,"9.79","7.96",8,0,1
0,2,11,4,0,0,1,2,"19.5",165,"0.04",0,380,1
1,2,3,4,1,0,1,2,"21.5","11.5","0.5",0,100,69
1,2,1,1,0,1,0,2,"31.25",2835,0,5,176,147
1,2,13,8,1,1,1,2,"27.25",1585,1835,12,583,714
1,1,1,1,1,0,1,2,"48.75",26335,0,0,0,1
0,2,9,8,0,1,0,2,"30.42",1375,"0.04",3,0,34
1,2,9,4,0,0,0,2,"29.42","1.25","1.75",0,200,1
1,1,8,5,1,1,1,2,"28.25","5.04","1.5",8,144,8
1,2,10,9,1,1,0,2,"40.25","21.5",20,11,0,1201
1,2,11,4,0,0,0,2,"36.5","4.25","3.5",0,454,51
1,2,4,8,0,0,1,2,"25.58",335,"3.5",0,340,1
1,2,8,4,0,0,0,2,"29.83","3.5",165,0,216,1
1,2,4,4,0,1,0,1,"23.08",0,1,11,0,1
0,2,9,4,1,1,0,2,"32.17","1.46",1085,16,120,2080
1,2,13,4,1,1,0,2,"25.17","3.5",625,7,0,7060
0,2,1,1,0,1,0,2,"35.17","3.75",0,6,0,201
0,2,2,4,0,0,0,2,"18.58",10,415,0,80,43
1,2,3,5,0,0,0,2,"39.92",5,"0.21",0,550,1
1,2,8,4,0,0,1,1,"23.42",1,"0.5",0,280,1
1,2,8,4,0,0,0,3,"37.58",0,0,0,184,1
0,2,11,8,0,0,0,2,"24.75",13665,"1.5",0,280,2
0,2,3,5,1,1,1,2,47,13,5165,9,0,1
1,2,9,4,0,0,1,2,"34.17","5.25","0.08500",0,290,7
1,1,1,1,0,0,0,2,"22.17",585,0,0,100,1
1,2,4,8,0,0,1,1,"27.75","1.29","0.25",0,140,1
1,2,6,4,0,0,0,2,"42.75",4085,"0.04",0,108,101
1,2,2,4,0,0,0,2,"28.67","14.5",125,0,0,287
1,2,8,5,1,1,0,2,"36.25",5,"2.5",6,0,368
0,1,11,8,0,0,0,2,"18.17",10,165,0,340,1
1,2,9,4,0,0,0,2,"21.25","1.5","1.5",0,150,9
0,2,6,4,0,0,0,2,"38.92",1665,"0.25",0,0,391
1,1,7,4,0,0,0,2,"31.83","0.04","0.04",0,0,1
0,2,6,4,0,1,1,2,"17.33","9.5","1.75",10,0,11
0,2,11,4,1,1,0,2,"20.42",835,1585,1,0,1
0,2,8,4,0,0,0,2,"39.08",4,3,0,480,1
1,2,4,4,1,0,1,2,"38.67","0.21","0.08500",0,280,1
1,2,9,4,1,0,1,2,"27.67","13.75","5.75",0,487,501
1,1,13,4,1,1,0,2,"27.75",585,"0.25",2,260,501
1,1,1,1,0,1,0,2,19,0,0,4,45,2
0,2,14,8,1,0,1,2,25,875,"1.04",0,160,5861
1,2,14,8,1,1,0,2,"27.67",2,1,4,140,7545
1,2,6,4,0,0,0,2,"22.25",9,"0.08500",0,0,1
0,2,4,8,1,0,1,2,"49.83",13585,"8.5",0,0,1
1,2,8,4,0,0,1,2,"32.33","2.5","1.25",0,280,1
1,1,4,4,0,0,0,2,"38.25",10125,125,0,160,1
1,2,8,4,0,0,1,2,"47.33","6.5",1,0,0,229
1,1,3,8,1,1,1,2,"27.83",4,"5.75",2,75,1
0,2,6,4,1,1,0,2,"35.75",915,"0.75",4,0,1584
1,2,3,5,0,0,1,1,"33.58","0.25",4,0,420,1
1,1,7,5,1,1,1,2,"34.08","0.08","0.04",1,280,2001
0,2,13,8,1,1,1,2,"20.75",10335,335,1,80,51
1,2,14,4,1,1,1,2,"33.17",1,"0.75",7,340,4072
1,2,11,4,1,1,1,2,"22.75",11,"2.5",7,100,810
1,2,8,8,1,1,0,2,"48.75","8.5","12.5",9,181,1656
1,2,8,4,1,1,0,2,"40.58",5,5,7,0,3066
1,1,8,4,0,0,1,1,"20.67",835,2,0,240,1
0,2,1,1,0,0,0,2,"38.75","1.5",0,0,76,1
0,2,8,4,1,1,0,2,"57.08","19.5","5.5",7,0,3001
0,2,13,8,1,1,1,2,"31.25","3.75",625,9,181,1
1,2,9,4,0,1,0,2,22,"0.79","0.29",1,420,284
0,2,11,4,1,1,0,2,"58.33",10,4,14,0,1603
1,2,8,4,0,0,0,2,"28.92",375,"0.29",0,220,141
0,2,5,3,1,0,0,2,46,4,0,0,100,961
1,1,2,4,1,1,1,2,21,3,1085,8,160,2
0,2,6,4,1,1,1,2,"24.75","12.5","1.5",12,120,568
0,1,10,2,0,0,0,2,"20.83","0.5",1,0,260,1
1,1,1,1,0,0,0,2,"24.58","13.5",0,0,184,1
0,1,8,4,0,0,0,1,"26.5","2.71","0.08500",0,80,1
1,2,1,1,1,0,0,2,"40.92",835,0,0,130,2
0,2,8,4,0,0,0,2,"38.33",4415,125,0,160,1
1,2,1,1,0,1,0,2,"19.58",585,0,3,350,770
1,2,7,4,1,1,0,2,"39.25","9.5","6.5",14,240,4608
1,2,8,4,1,1,1,2,"25.75","0.5","1.46",5,312,1
0,2,8,4,1,1,1,2,"46.08",3,2375,8,396,4160
1,1,4,8,1,0,1,2,"19.67",10,835,0,140,1
0,1,1,1,0,0,0,2,"22.25","1.25","3.25",0,280,1
1,1,1,1,0,0,1,2,"18.83","3.54",0,0,180,2
1,2,14,8,1,1,1,2,"64.08",20,"17.5",9,0,1001
0,2,11,4,0,1,0,2,"16.5","1.25","0.25",1,108,99
0,2,10,9,1,1,0,2,"68.67",15,0,14,0,3377
1,2,10,9,1,1,1,2,"76.75","22.29","12.75",1,0,110
0,2,11,4,0,0,0,2,"15.92",2875,"0.08500",0,120,1
1,2,2,5,1,0,1,2,"34.83",4,"12.5",0,184,1
1,2,8,4,0,0,0,3,"23.17",0,0,0,184,1
1,2,8,4,1,0,1,2,"45.17","1.5","2.5",0,140,1
1,2,10,4,0,0,0,2,"15.17",7,1,0,600,1
1,1,8,4,0,1,0,2,"18.83",415,165,1,200,2
1,2,4,4,1,1,0,2,"52.5","6.5","6.29",15,0,11203
1,1,7,5,0,0,1,1,"19.17",0,0,0,500,2
1,2,11,7,0,0,0,2,18,165,"0.21",0,200,41
1,2,10,4,0,0,0,2,"37.5",835,"0.04",0,120,6
1,1,9,4,1,1,0,2,"22.67",1585,3085,6,80,1
1,2,14,5,0,0,1,2,"47.83",4165,"0.08500",0,520,1
1,2,8,4,0,0,0,2,"34.08","2.5",1,0,460,17
0,2,2,4,0,0,1,2,"33.08",1625,"0.54",0,0,1
1,1,8,4,1,1,1,2,"43.08",375,375,8,300,163
1,1,3,5,1,1,1,2,"34.5","4.04","8.5",7,195,1
1,2,3,5,1,0,0,2,"42.75",3,1,0,0,201
1,2,2,4,0,0,1,1,"18.25",165,"0.25",0,280,1
1,2,1,1,0,0,1,2,"23.08","2.5","0.08500",0,100,4209
0,1,14,4,0,0,0,2,"22.5",8460,"2.46",0,164,1
1,2,6,4,0,0,0,2,"17.92",205,"0.04",0,280,751
1,1,6,4,1,0,0,2,"18.42",10415,125,0,120,376
0,2,7,4,1,0,0,1,"27.67","1.5",2,0,368,1
0,1,8,4,1,1,1,2,"18.92","9.25",1,4,80,501
1,2,3,4,0,1,1,2,"22.67","0.75",1585,1,400,10
1,1,8,8,1,0,0,2,"62.5","12.75",5,0,112,1
0,2,11,4,1,1,1,2,"23.5",9,"8.5",5,120,1
1,2,14,8,1,0,1,2,"35.25",3165,"3.75",0,680,1
0,1,1,1,0,0,1,2,"56.83","4.25",5,0,0,5
0,2,1,1,0,0,1,1,"53.33",165,0,0,62,28
1,2,13,8,1,1,0,2,"41.17","4.04",7,8,320,1
1,2,11,8,1,0,1,2,"42.17","5.04","12.75",0,92,1
1,1,9,4,0,0,0,2,"41.17","1.25","0.25",0,0,196
0,2,4,5,1,1,1,2,"33.75","0.75",1,3,212,1
1,1,2,4,1,0,1,1,"24.33",6625,"5.5",0,100,1
1,1,9,4,1,0,1,2,"23.33",11625,835,0,160,301
1,2,13,8,0,0,1,1,"30.67","2.5","2.25",0,340,1
1,2,8,5,1,0,1,1,"37.17",4,5,0,280,1
1,2,9,4,0,0,0,2,"26.25","1.54",125,0,100,1
0,2,9,4,0,0,1,2,"29.75",665,"0.25",0,300,1
0,2,5,3,0,1,0,2,23,1835,0,1,200,54
1,2,4,4,0,0,1,2,"17.25",3,"0.04",0,160,41
1,2,6,4,1,1,1,2,"29.25","14.79","5.04",5,168,1
0,2,3,5,1,0,1,2,"28.58","3.54","0.5",0,171,1
1,2,8,4,0,0,0,3,"34.58",0,0,0,184,1
1,2,8,8,1,0,0,2,"23.42",585,"0.08500",0,180,1
1,2,8,4,1,1,0,2,25,"11.25","2.5",17,200,1209
0,2,11,4,1,1,0,2,"18.75","7.5","2.71",5,184,26727
1,2,11,4,0,1,0,2,"17.08","0.25",335,4,160,9
0,2,1,1,0,1,0,2,"16.08",335,0,1,160,127
1,2,6,4,0,1,1,2,"32.92","2.5","1.75",2,720,1
0,2,8,8,1,1,0,2,"20.33",10,1,4,50,1466
0,1,5,3,0,0,0,2,"21.75","1.75",0,0,160,1
1,2,12,8,1,0,1,2,"33.17","1.04","6.5",0,164,31286
0,2,8,8,1,0,1,2,"25.33",2085,"2.75",0,360,2
0,2,11,8,1,1,0,2,"24.75",3,1835,19,0,501
1,2,9,4,1,1,0,2,"30.83",0,"1.25",1,202,1
1,1,5,4,0,0,0,2,"20.75",5085,"0.29",0,140,185
0,1,4,4,0,1,0,2,"40.33",8125,165,2,184,19
1,2,8,8,0,1,1,2,"29.42","1.25","0.25",2,400,109
1,1,7,4,0,0,1,2,"40.92","0.5","0.5",0,130,1
0,2,4,4,1,1,0,2,"29.5","0.46","0.54",4,380,501
1,1,4,8,1,0,0,2,"54.42","0.5","3.96",0,180,315
1,1,8,4,0,0,1,2,34,"5.5","1.5",0,60,1
1,2,4,4,1,1,1,2,25,12,"2.25",2,120,6
0,1,1,1,0,0,1,2,"26.58","2.54",0,0,180,61
0,2,11,8,1,1,0,2,"33.08",4625,1625,2,0,1
1,2,8,4,0,0,0,3,"33.67",2165,"1.5",0,120,1
1,2,3,5,0,0,0,2,"36.17","5.5",5,0,210,688
1,2,4,4,0,0,0,2,"19.5","0.29","0.29",0,280,365
1,2,11,4,1,1,1,2,"24.17",875,4625,2,520,2001
0,2,8,5,1,1,1,2,"30.5","6.5",4,7,0,3066
1,2,8,4,0,0,0,2,20,7,"0.5",0,0,1
1,2,8,4,1,1,1,2,"25.33","0.58","0.29",7,96,5125
1,2,7,4,0,1,1,2,"29.58","4.75",2,1,460,69
1,2,3,5,1,0,0,2,"43.17","2.25","0.75",0,560,1
1,2,4,4,1,0,0,1,"28.75",1165,"0.5",0,280,1
1,1,3,5,0,0,0,2,"31.57",3,7,0,0,2
1,2,10,2,1,0,0,2,"20.25",9960,0,0,0,1
1,2,13,8,1,1,1,2,45,"8.5",14,1,88,2001
0,2,11,8,1,1,1,2,"22.83","2.29","2.29",7,140,2385
0,2,11,4,1,1,0,2,"20.67",3,165,3,100,7
1,2,9,4,0,1,1,2,"27.83","1.5","2.25",1,100,4
1,1,14,8,1,0,1,2,"40.92","2.25",10,0,176,1
1,1,8,4,1,1,0,2,"56.42",28,"28.5",40,0,16
0,2,1,1,1,1,0,2,"64.08",165,0,1,232,101
0,1,14,8,1,1,0,2,"22.42","11.25","0.75",4,0,322
0,1,3,5,0,0,0,2,"24.33","2.5","4.5",0,200,457
0,2,1,1,0,0,0,1,"69.5",6,0,0,0,1
1,2,4,4,0,0,1,2,"35.58","0.75","1.5",0,231,1
1,2,7,4,1,0,0,1,"48.33",12,16,0,110,1
0,1,10,9,1,0,0,2,"28.08",15,0,0,0,13213
1,2,4,4,1,1,0,2,"35.17","2.5","4.5",7,150,1271
1,2,8,4,1,0,0,2,"80.25","5.5","0.54",0,0,341
1,2,2,8,0,0,0,2,"29.25",13,"0.5",0,228,1
0,2,3,4,0,1,1,2,"16.92","0.5",165,6,240,36
0,2,6,4,0,1,1,2,16,165,1,2,320,2
1,2,1,1,1,1,1,2,"60.08","14.5",18,15,0,1001
1,2,4,8,1,1,1,2,28,2,4165,2,181,1
1,2,3,5,0,0,0,2,"41.5","1.54","3.5",0,216,1
1,2,6,4,0,0,1,2,"24.08",9,"0.25",0,0,1
1,1,6,4,0,0,1,2,"24.5",13335,"0.04",0,120,476
1,2,12,7,1,1,1,2,"34.75",15,5375,9,0,135
1,2,9,4,0,0,0,2,"33.67","1.25",1165,0,120,1
0,2,11,8,1,0,0,2,"40.83",10,"1.75",0,29,838
1,2,8,4,1,1,0,2,"20.42",1835,"2.25",1,100,151
1,1,2,4,0,0,1,2,"37.5",1125,"1.5",0,431,1
1,2,7,4,1,0,1,2,"48.5","4.25",125,0,225,1
1,2,7,4,0,0,1,1,23,"0.75","0.5",0,320,1
1,2,8,8,0,0,1,2,35,3375,"8.29",0,0,1
1,2,6,4,0,1,0,2,"16.33","2.75",665,1,80,22
1,2,11,8,1,0,0,2,"22.67","10.5",1335,0,100,1
0,2,8,4,0,0,1,2,"21.75","11.75","0.25",0,180,1
0,1,6,4,1,0,1,2,"25.08","2.54","0.25",0,370,1
1,1,9,4,1,1,0,2,"36.33",2125,"0.08500",1,50,1188
0,2,8,4,0,1,1,2,"28.58","3.75","0.25",1,40,155
1,2,8,4,0,1,1,2,"22.17",12125,3335,2,180,174
1,2,3,4,0,0,1,2,35,"2.5",1,0,210,1
1,2,6,4,0,0,1,2,"28.58",3625,"0.25",0,100,1
0,2,3,8,0,0,0,2,"19.17",5415,"0.29",0,80,485
1,2,8,4,1,0,0,1,"23.25",1,835,0,300,1
1,2,8,4,0,0,0,2,"16.5",125,165,0,132,1
0,2,11,4,0,1,0,2,"20.08",125,1,1,240,769
1,2,9,4,1,1,0,2,"22.33",11,2,1,80,279
1,1,3,5,0,0,1,2,34,5085,1085,0,480,1
0,2,3,5,1,0,1,2,"57.08",335,1,0,252,2198
1,2,7,4,1,0,0,1,"16.25",835,"0.08500",0,200,1
1,2,13,8,1,1,0,2,"32.83","2.5","2.75",6,160,2073
1,2,9,4,1,1,0,2,"48.25",25085,"1.75",3,120,15
1,2,3,5,0,0,1,2,"34.17","2.75","2.5",0,232,201
1,1,10,2,0,0,0,2,"18.33","1.21",0,0,100,1
1,2,7,4,1,0,0,1,"44.25","0.5","10.75",0,400,1
1,2,4,4,0,0,1,2,"38.92","1.75","0.5",0,300,3
1,1,6,4,0,0,1,2,"31.58","0.75","3.5",0,320,1
1,2,14,4,1,1,1,2,"25.08","1.71",1665,1,395,21
1,2,10,9,1,1,1,2,"65.42",11,20,7,22,1
1,2,8,5,1,0,0,2,"41.33",0,15,0,0,1
1,2,1,1,0,1,0,2,"31.25",1125,0,1,96,20
0,2,1,1,0,0,0,2,"36.75","4.71",0,0,160,1
1,2,10,5,1,0,1,1,"32.33","7.5",1585,0,420,1
0,2,1,1,0,1,1,2,"31.92",3125,"3.04",2,200,5
1,2,8,4,1,1,0,2,"24.83","2.75","2.25",6,184,601
1,1,14,4,1,1,1,2,"21.92","0.54","0.04",1,840,60
1,2,13,8,1,0,1,2,"34.25",3,7415,0,0,1
1,1,1,1,0,0,0,2,"51.83",3,"1.5",0,180,5
0,2,1,1,0,1,1,2,"31.57","1.5",0,2,200,106
1,2,8,4,0,1,0,2,"38.42",705,375,2,225,501
1,2,14,4,1,1,1,2,"39.17","1.71",125,5,480,1
1,2,8,7,0,1,1,2,"18.17","2.46","0.96",2,160,588
1,2,13,4,1,1,1,2,39,5,"3.5",10,0,1
1,2,8,4,0,0,1,2,20,11045,2,0,136,1
1,2,2,8,0,0,1,2,"32.75",2335,"5.75",0,292,1
1,2,2,4,0,0,0,2,"18.58","5.71","0.54",0,120,1
0,2,11,4,0,1,1,2,"15.83",7625,125,1,0,161
1,2,13,8,1,1,1,2,"39.33",5875,10,14,399,1
0,2,9,4,0,0,0,2,"19.58",665,1665,0,220,6
1,2,8,4,1,0,1,2,"21.33","10.5",3,0,0,1
0,2,8,4,0,1,1,2,"22.67","0.75",2,2,200,395
1,2,8,8,0,1,1,2,"25.67","3.25","2.29",1,416,22
1,1,10,8,0,0,0,2,"21.08",10085,"1.25",0,260,1
0,2,5,3,1,0,1,2,49,"1.5",0,0,100,28
1,2,11,4,1,1,0,2,"20.67","5.29",375,1,160,1
0,2,11,8,1,1,0,2,"19.67","0.21","0.29",11,80,100
1,2,2,8,1,0,1,2,"21.83","0.25",665,0,0,1
1,2,4,1,0,0,0,2,"26.83","0.54",0,0,100,1
0,2,13,4,1,0,1,2,"38.58",5,"13.5",0,980,1
0,2,6,4,1,1,1,2,"50.08","12.54","2.29",3,156,1
0,2,8,4,0,0,0,2,"15.75",375,1,0,120,19
0,2,8,5,1,1,0,2,"24.5","12.75","4.75",2,73,445
1,1,9,4,1,1,1,2,21,"4.79","2.25",1,80,301
1,2,13,4,1,0,0,2,"22.08",11,665,0,100,1
1,2,4,4,1,0,0,2,"18.08","5.5","0.5",0,80,1
1,1,4,4,1,1,1,2,"36.67",4415,"0.25",10,320,1
1,2,14,4,1,1,0,2,"38.17",10125,"2.5",6,520,197
1,2,4,4,0,0,1,2,"21.83","1.54","0.08500",0,356,1
0,2,3,5,0,0,1,2,"51.92","6.5",3085,0,73,1
1,2,3,4,0,0,0,2,"22.17","2.25",125,0,160,11
1,2,2,4,0,0,1,2,"52.42","1.5","3.75",0,0,351
0,2,6,4,1,1,0,2,"60.92",5,4,4,0,100
1,2,9,4,1,0,0,1,"20.17",5625,"1.71",0,120,1
1,2,8,5,1,0,1,2,"23.25",4,"0.25",0,160,1
1,1,9,4,0,0,1,2,"36.17","0.42","0.29",0,309,3
0,1,8,4,0,0,1,2,"42.25","1.75",0,0,150,2
1,2,3,8,0,0,1,2,"23.58",835,"0.08500",0,220,6
0,2,8,4,1,1,0,2,36,1,2,11,0,457
1,2,1,1,0,1,0,2,"39.58",5,0,2,17,2
0,1,8,8,1,0,0,2,"18.83",4415,3,0,240,1
1,2,6,4,1,0,1,2,"27.25",625,455,0,200,1
1,2,2,4,0,0,1,2,"32.42",3,165,0,120,1
1,1,13,4,1,0,1,2,"19.42","1.5",2,0,100,21
0,2,11,4,1,1,1,2,"22.58","10.75",415,5,0,561
1,2,11,4,1,1,0,2,"39.92","6.21","0.04",1,200,301
1,2,8,3,0,0,1,1,"22.67",165,"2.25",0,0,1
0,1,11,4,1,1,1,2,"23.42","0.79","1.5",2,80,401
0,2,10,2,1,1,1,2,30,"5.29","2.25",5,99,501
0,1,11,8,1,1,0,2,"40.33","7.54",8,14,0,2301
0,2,10,4,1,0,1,2,"36.75",5125,5,0,0,4001
1,2,8,4,0,0,0,2,31,2085,"0.08500",0,300,1
0,2,14,8,1,0,0,2,"25.17",2875,875,0,360,1
1,2,6,5,0,0,1,2,"27.42","12.5","0.25",0,720,1
1,2,14,4,1,1,1,2,"31.57",4,5,3,290,2280
1,2,6,4,1,0,1,2,"34.08","6.5",125,0,443,1
1,2,4,4,0,0,0,2,"22.08",2335,"0.75",0,180,1
1,2,8,4,0,1,1,2,"31.08",3085,"2.5",2,160,42
1,2,8,5,1,0,1,1,"31.57","0.5",835,0,320,1
1,2,9,4,0,1,0,2,16,3125,"0.08500",1,0,7
1,2,13,8,1,1,0,2,"27.25",1665,5085,9,399,828
1,2,8,4,0,1,0,2,"25.17",3,"1.25",1,0,23
1,2,10,9,1,1,1,2,"67.75","5.5",13,1,0,1
0,2,9,4,1,1,1,2,"18.83","9.5",1625,6,40,601
0,2,7,8,0,1,1,2,"27.25","0.29",125,1,272,109
0,1,8,4,0,1,0,2,"19.58",665,1,1,2000,3
1,2,2,4,0,0,1,1,"30.75",1585,585,0,0,1
0,2,6,4,0,0,1,2,"50.25",835,"0.5",0,240,118
1,1,9,4,0,0,0,1,"31.08","1.5","0.04",0,160,1
1,2,8,4,1,1,0,2,"51.58",15,"8.5",9,0,1
0,2,1,1,0,1,0,2,"36.58","0.29",0,10,200,19
1,2,7,4,1,1,0,2,"33.58","2.75","4.25",6,204,1
0,2,6,4,1,0,0,2,"20.83",3,"0.04",0,100,1
1,2,9,4,0,0,0,2,"36.17",18125,"0.08500",0,320,3553
1,2,1,1,0,0,0,2,"50.75",585,0,0,145,1
0,2,11,4,0,1,1,2,"23.58","0.83",415,1,200,12
1,2,14,8,0,0,1,1,"35.17","4.5","5.75",0,711,1
0,2,3,5,1,1,0,2,"58.42",21,10,13,0,6701
1,2,7,4,1,1,1,2,"28.25",875,"0.96",3,396,1
1,2,4,4,0,0,0,2,"31.57",625,"0.25",0,380,2011
0,1,5,3,0,0,0,2,"31.75",3,0,0,160,21
1,2,9,8,1,1,0,2,"19.42","6.5","1.46",7,80,2955
1,2,7,4,1,1,1,2,"39.08",6,"1.29",5,108,1098
1,2,3,4,0,0,1,2,"17.08","3.29",335,0,140,3
1,1,8,4,0,0,0,2,"44.83",7,1625,0,160,3
1,1,6,4,0,0,0,2,"16.25",0,"0.25",0,60,1
0,2,11,4,1,1,1,2,"41.17","6.5","0.5",3,145,1
1,2,8,8,1,1,0,2,"28.92",15,5335,11,0,2284
0,2,5,3,0,0,1,2,"26.17",2,0,0,276,2
1,2,9,4,1,1,0,2,"38.58",3335,4,14,383,1345
1,2,8,4,1,1,0,2,"25.17",6,1,3,0,1
0,2,11,4,1,1,0,2,"28.17",375,585,4,80,1
1,2,1,1,1,0,1,2,"73.42","17.75",0,0,0,1
1,1,7,4,0,0,1,2,"22.5","11.5","1.5",0,0,4001
0,2,1,1,0,1,0,2,"27.17","1.25",0,1,92,301
0,2,13,8,1,1,0,2,"19.17",8585,"0.75",7,96,1
0,2,8,4,0,0,0,3,"25.58",0,0,0,184,1
1,1,2,4,0,0,1,2,"31.57","0.04","4.25",0,460,1
0,2,11,4,1,1,0,2,"22.5","8.5","1.75",10,80,991
0,2,11,4,0,0,1,2,"22.92","1.25","0.25",0,120,810
1,2,8,4,0,1,0,2,"23.25",12625,125,2,0,5553
0,1,14,4,0,0,0,2,"29.5",1085,1,0,280,14
0,2,2,4,0,0,0,2,32,6,"1.25",0,272,1
1,1,9,4,1,0,1,2,27,"1.5",375,0,260,1066
1,2,8,5,0,1,1,2,"19.33",10915,585,2,200,8
1,2,9,4,0,1,0,2,"35.75",2415,125,2,220,2
1,2,11,4,0,0,0,2,"18.83",0,665,0,160,2
0,2,8,4,1,1,1,2,"28.75","3.75",1085,1,371,1
1,2,3,5,1,1,0,2,"34.42","4.25","3.25",2,274,611
0,1,6,4,0,0,0,2,"33.25",3,2,0,180,1
1,2,10,4,1,1,0,2,"53.92",9625,8665,5,0,1
1,2,6,4,0,0,0,2,"25.25",1,"0.5",0,200,1
1,1,4,1,0,0,0,2,"32.42",2165,0,0,120,1
0,1,1,1,0,0,0,2,"21.08",5,0,0,0,1
0,2,5,1,1,1,0,2,"56.5",16,0,15,0,248
1,1,8,8,1,1,1,2,"32.25",165,"3.25",1,432,8001
0,2,8,8,1,0,0,2,"20.5",11835,6,0,340,1
0,2,4,4,0,0,1,1,"30.25","5.5","5.5",0,100,1
0,2,6,8,1,0,0,2,"24.58","0.67","1.75",0,400,1
1,2,14,8,1,1,0,2,"23.17",11125,"0.46",1,100,1
0,2,1,1,0,0,0,2,"31.57","11.25",0,0,184,5201
0,2,13,4,1,0,0,2,"32.33","0.54","0.04",0,440,11178
1,2,2,8,1,1,0,2,"23.92","1.5",1875,6,200,328
1,1,8,4,0,0,1,2,"36.75",125,"1.5",0,232,114
1,1,4,4,0,0,0,2,"29.83","1.25","0.25",0,224,1
0,2,11,8,1,1,0,2,"24.08","0.5","1.25",1,0,679
1,1,8,8,0,0,0,2,"21.17","0.25","0.25",0,280,205
1,2,8,4,1,0,0,2,"31.42","15.5","0.5",0,120,1
1,2,7,4,1,1,0,2,"22.83",3,"1.29",1,260,801
1,1,8,5,1,0,1,2,"37.5","1.75","0.25",0,164,401
0,2,9,4,0,0,1,2,"24.83","4.5",1,0,360,7
1,2,9,4,1,0,1,2,"36.33","3.79",1165,0,200,1
0,2,11,8,1,1,0,2,"47.25","0.75","2.75",1,333,893
1,1,13,4,0,0,1,2,"32.08",4,"1.5",0,120,1
0,2,11,8,0,1,1,2,"30.58",10665,"0.08500",12,129,4
1,2,9,4,1,1,1,2,"27.83","1.54","3.75",5,100,4
1,2,10,9,1,1,0,2,"54.83","15.5",0,20,152,131
1,2,8,4,1,1,1,2,"16.08","0.75","1.75",5,352,691
1,2,9,4,1,0,1,2,"24.58","12.5",875,0,260,1
1,2,11,8,1,1,1,2,"32.67","5.5","5.5",12,408,1001
1,2,8,4,1,1,0,2,"30.17","0.5","1.75",11,32,541
1,2,4,4,0,0,1,2,"22.25","0.46",125,0,280,56
1,2,14,4,1,0,0,2,"41.75","0.96","2.5",0,510,601
1,2,3,4,0,0,1,2,"36.67",2,"0.25",0,221,1
1,2,13,4,0,0,0,2,"25.83",12835,"0.5",0,0,3
1,2,8,8,1,0,0,2,"29.92",1835,4335,0,260,201
1,2,11,4,0,0,0,2,"20.08","0.25",125,0,200,1
1,2,11,4,1,1,1,2,"19.67",375,2,2,80,1
1,2,14,8,1,0,0,2,"51.42","0.04","0.04",0,0,3001
1,2,10,9,0,0,0,2,"62.75",7,0,0,0,13
1,2,7,4,0,0,1,1,"40.58","3.29","3.5",0,400,1
0,2,6,4,0,0,0,2,"16.33","0.21",125,0,200,2
1,2,9,4,0,1,0,2,"29.5","0.58","0.29",1,340,2804
1,2,6,4,1,0,1,2,34,"4.5",1,0,240,1
0,2,8,4,0,0,0,3,"71.58",0,0,0,184,1
1,2,3,8,1,0,0,2,42,205,5125,0,400,1
0,1,11,4,1,0,1,2,"22.5",11,3,0,268,1
1,2,10,2,0,1,0,2,"24.42",2,165,2,320,1301
1,2,3,8,1,0,1,2,"44.33","0.5",5,0,320,1
0,2,14,8,1,1,1,2,23,"11.75","0.5",2,300,552
1,2,3,5,0,0,1,2,"34.42",1335,125,0,440,4501
1,2,3,4,1,1,0,2,"23.08","11.5","3.5",9,56,743
1,2,4,4,0,1,1,2,"25.92",875,375,2,174,4
0,2,6,4,1,0,1,2,"17.58",9,1375,0,0,1
1,2,11,4,0,0,0,2,"20.42",1085,"1.5",0,108,8
1,2,2,4,1,1,0,2,"31.67",16165,3,9,250,731
0,2,1,1,0,1,0,2,"57.58",2,"6.5",1,0,11
1,2,11,4,1,0,1,2,"59.67","1.54",125,0,260,1
0,2,1,1,1,1,1,2,"65.17",14,0,11,0,1401
1,1,3,5,1,1,1,2,"30.08","1.04","0.5",10,132,29
1,2,11,8,1,0,1,2,"48.58","6.5",6,0,350,1
0,1,4,8,0,0,1,2,"23.58","11.5",3,0,20,17
1,2,8,4,1,1,1,2,"20.17","9.25",1665,3,40,29
1,2,9,8,1,1,0,2,"48.17",7625,"15.5",12,0,791
1,2,11,4,1,1,1,2,"23.25","1.5",2375,3,0,583
1,1,1,1,0,1,0,2,"32.25",14,0,2,160,2
1,1,13,4,0,0,0,2,"33.58",335,"0.08500",0,180,1
1,1,9,4,1,1,1,2,"23.58","0.46",2625,6,208,348
1,1,4,4,0,0,0,1,"16.92",335,"0.29",0,200,1
0,2,8,4,0,0,0,2,"20.83","8.5",165,0,0,352
0,2,11,4,1,0,1,2,"60.58","16.5",11,0,21,10562
1,1,6,4,1,0,0,2,"31.57",5,"8.5",0,0,1
0,2,13,8,1,1,0,2,25,"12.33","3.5",6,400,459
1,2,8,4,1,0,0,2,"21.5","9.75","0.25",0,140,1
1,2,8,4,0,0,0,3,"20.42",0,0,0,184,1
0,1,1,1,0,1,1,2,"25.25","13.5",2,1,200,2
1,2,11,4,1,0,0,1,"42.83",4625,"4.58",0,0,1
1,1,8,4,1,1,1,2,"26.67","1.75",1,5,160,5778
1,2,7,4,1,1,1,2,"57.83","7.04",14,6,360,1333
1,2,1,1,1,1,0,2,"55.92","11.5",5,5,0,8852
1,2,3,5,1,1,0,2,"51.33",10,0,11,0,1250
1,2,7,4,1,0,0,1,"39.83","0.5","0.25",0,288,1
1,1,6,4,1,1,1,2,"27.58","2.04",2,3,370,561
1,2,13,4,1,1,0,2,"30.17","6.5",3125,8,330,1201
1,1,1,1,0,0,0,2,"51.83","2.04","1.5",0,120,2
0,1,6,4,1,0,0,2,25,11,"4.5",0,120,1
1,1,8,4,0,0,0,2,"29.67","0.75","0.04",0,240,1
0,2,13,4,0,0,0,2,"33.67",375,375,0,300,45
1,2,8,5,1,0,0,2,"25.75","0.75","0.25",0,349,24
0,2,8,4,1,1,1,2,"28.67","1.04","2.5",5,300,1431
0,3,13,1,0,0,1,1,"18.08",375,10,0,300,1
1,2,8,4,1,1,0,2,"20.42",7,1625,3,200,1392
1,1,7,4,0,0,0,2,"18.08","6.75","0.04",0,140,1
1,2,7,5,1,1,1,2,"47.67","2.5","2.5",12,410,2511
1,2,10,8,1,1,0,2,"57.42","8.5",7,3,0,1
1,1,9,4,1,1,1,2,"13.75",4,"1.75",2,120,1001
1,2,11,4,1,0,1,2,"19.33","9.5",1,0,60,401
0,2,4,8,0,0,0,2,"21.92",11665,"0.08500",0,320,6
1,2,9,8,0,1,0,2,"17.58",10,165,1,120,2
1,1,9,4,0,0,0,1,"34.83","2.5",3,0,200,1
1,2,9,4,1,1,1,2,"29.17","3.5","3.5",3,329,1
1,1,12,7,0,0,1,2,"21.42","0.75","0.75",0,132,3
1,2,8,8,0,0,0,2,"18.17","10.25",1085,0,320,14
1,2,9,4,0,0,1,2,28,3,"0.75",0,300,68
0,2,11,4,1,1,1,2,"45.83","10.5",5,7,0,1
1,2,3,4,0,0,0,2,"22.75","11.5",415,0,0,1
0,2,2,4,1,0,1,2,"31.57","3.5",3,0,300,1
0,2,4,4,1,1,0,2,"20.42","7.5","1.5",1,160,235
0,2,3,5,1,1,0,1,"21.25",2335,"0.5",4,80,1
1,2,13,4,1,1,1,2,"26.67","4.25","4.29",1,120,1
0,2,1,1,0,0,0,2,"27.33",1665,0,0,340,2
1,2,9,4,1,1,1,2,"42.08","1.04",5,6,500,10001
0,2,9,4,0,1,0,2,"18.25",10,1,1,120,2
0,2,11,4,1,1,1,2,"28.5",1,1,2,167,501
0,2,6,4,1,1,0,2,"21.5",6,"2.5",3,80,919
1,2,14,4,1,1,0,2,"21.83",11,"0.29",6,121,1
1,2,8,4,0,0,0,2,"21.92","0.5",125,0,360,1
1,1,9,8,1,0,1,2,"32.67",9,"5.25",0,154,1
0,2,11,4,0,0,1,2,"45.33",1,125,0,263,1
0,1,1,1,0,0,0,2,"23.58",585,125,0,120,88
0,2,8,4,0,1,1,2,"17.92","0.54","1.75",1,80,6
1,1,9,4,0,0,1,2,33,"2.5",7,0,280,1
0,2,11,4,0,0,0,1,"22.67",335,"0.75",0,160,1
1,2,7,4,0,0,0,1,"34.67","1.08",1165,0,28,1
1,2,9,8,1,1,0,2,"29.67",1415,"0.75",1,240,101
1,2,6,4,1,0,1,2,"31.83","2.5","7.5",0,523,1
0,2,11,4,1,1,0,2,"20.67",1835,2085,5,220,2504
1,2,3,5,0,0,0,2,"33.75","2.75",0,0,180,1
1,2,8,8,0,0,1,2,"22.08","0.83",2165,0,128,1
0,2,11,8,1,1,0,2,"35.42",12,14,8,0,6591
1,2,13,8,1,1,0,2,"31.92","4.46","6.04",3,311,301
0,2,3,4,0,0,0,2,"22.67","0.79","0.08500",0,144,1
1,2,3,5,0,0,1,2,"26.67",14585,0,0,178,1
1,2,7,4,1,1,1,2,44,2,"1.75",2,0,16
1,1,8,4,0,0,0,2,"30.17",1085,"0.04",0,170,180
1,2,11,8,1,1,1,2,"37.75",7,"11.5",7,300,6
1,1,8,4,0,0,0,2,"17.08","0.08500","0.04",0,140,723
1,2,1,1,0,0,0,2,"49.17","2.29","0.29",0,200,4
1,2,7,4,0,0,0,1,"22.92","0.17","0.08500",0,0,1
0,1,3,8,0,0,1,2,"34.83","1.25","0.5",0,160,1
1,1,2,4,1,0,0,1,"44.25",11,"1.5",0,0,1
1,2,9,4,1,1,1,2,"59.5","2.75","1.75",5,60,59
1,2,7,4,1,1,0,2,"25.5",375,"0.25",3,260,15109
0,2,6,4,0,0,0,2,"41.58","1.04",665,0,240,238
1,2,1,1,1,1,0,2,"49.58",19,0,1,94,1
0,1,1,1,1,0,0,2,"33.92",1585,0,0,320,1
1,1,3,4,0,0,1,2,"19.17",4,1,0,360,1001
0,1,8,4,0,0,0,2,"24.5",2415,0,0,120,1
1,2,8,8,1,0,0,2,"23.33","1.5",1415,0,422,201
1,2,1,1,0,1,0,2,"69.17",9,4,1,70,7
1,2,8,5,1,1,0,2,"47.67","0.29",15,20,0,15001
0,1,8,4,0,0,1,2,"33.25","2.5","2.5",0,0,3
1,2,11,8,1,1,0,2,"43.25",3,6,11,80,1
1,1,6,4,1,0,0,2,23,625,125,0,180,2
1,2,13,5,0,0,0,2,"34.75","2.5","0.5",0,348,1
1,2,2,5,1,1,1,2,"56.58","18.5",15,17,0,1
0,2,11,4,1,1,1,2,"44.17",6665,7375,3,0,1
0,2,8,4,1,0,0,2,"44.33",0,"2.5",0,0,1
1,2,9,5,1,0,1,2,"34.25","1.75","0.25",0,163,1
0,2,4,8,0,0,1,1,45,4585,1,0,240,1
1,1,7,4,0,0,1,1,"30.58","2.71",125,0,80,1
1,2,11,8,0,0,1,2,"27.67","0.75",165,0,220,252
1,2,7,4,0,1,0,2,"19.42","7.25","0.04",1,100,2
0,2,3,5,1,0,1,2,"41.33",1,"2.25",0,0,301
0,2,9,4,0,0,1,2,"23.5","1.5",875,0,160,1
1,2,14,4,1,1,1,2,"31.67","0.83",1335,8,303,3291
0,2,14,8,1,1,0,2,"17.83",11,1,11,0,3001
0,1,13,4,0,0,1,2,"33.17","2.25","3.5",0,200,142
0,2,6,8,0,0,0,2,"52.5",7,3,0,0,1
0,2,11,4,1,1,0,2,"25.42",1125,"1.29",2,200,1
1,2,3,5,0,0,0,1,"40.58","1.5",0,0,300,1
1,1,13,8,0,0,0,2,"23.92",585,125,0,240,2
1,2,4,8,1,0,1,2,56,"12.5",8,0,24,2029
0,1,14,8,1,1,0,2,"28.5","3.04","2.54",1,70,1
1,2,7,4,1,0,1,2,"32.08",4,"2.5",0,360,1
1,1,8,8,0,0,0,2,"21.17",875,"0.25",0,280,205
1,2,8,4,1,1,1,2,"34.17","9.17","4.5",12,0,222
1,2,11,8,1,1,0,2,"43.25","25.21","0.21",1,760,91
0,2,4,4,1,0,1,2,"38.25",6,1,0,0,1
1,2,9,4,1,0,1,2,"37.42","2.04","0.04",0,400,5801
1,1,14,8,0,0,0,2,"29.83","2.04","0.04",0,128,2
1,2,13,4,0,0,1,2,"37.33",2665,165,0,0,502
1,2,8,4,1,1,0,2,"31.33","19.5",7,16,0,5001
1,2,1,1,0,0,0,2,"36.08","2.54",0,0,0,1001
1,2,8,4,1,1,1,2,"20.5",2415,2,11,200,3001
1,2,9,4,0,0,0,2,"47.17",5835,"5.5",0,465,151
1,1,3,5,0,0,1,2,22,7835,165,0,184,1
1,1,8,4,1,0,0,1,"20.5",10,"2.5",0,40,1
1,2,9,4,1,0,1,2,"34.92","2.5",0,0,239,201
1,2,7,4,0,1,0,2,"24.08",875,"0.08500",4,254,1951
1,2,7,8,1,1,1,2,"37.33","6.5","4.25",12,93,1
0,2,3,4,0,0,0,2,"20.75","9.54","0.04",0,200,1001
1,2,11,8,1,0,1,2,"36.67","3.25",9,0,102,640
1,2,14,4,1,1,0,2,"22.58","10.04","0.04",9,60,397
0,2,11,8,1,1,0,2,"26.92","13.5",5,2,0,5001
0,2,13,8,1,1,1,2,"46.67","0.46",415,11,440,7
0,1,1,1,0,0,0,2,"52.17",0,0,0,0,1
1,1,3,8,0,0,1,1,"39.17","2.5",10,0,200,1
1,2,8,4,1,1,0,2,"39.17",1625,"1.5",10,186,4701
0,2,9,4,0,0,1,2,"27.67","2.04","0.25",0,180,51
1,2,9,4,1,0,0,2,"19.17","9.5","1.5",0,120,2207
1,2,8,5,1,1,0,2,"39.5","4.25","6.5",16,117,1211
1,1,2,4,0,0,0,2,"36.42","0.75",585,0,240,4
1,2,3,5,1,0,1,2,"26.17","0.25",0,0,0,1
1,1,7,4,0,0,0,1,"39.42","1.71",165,0,400,1
1,2,8,8,1,1,0,2,"41.92","0.42","0.21",6,220,949
1,2,6,4,1,1,0,2,"21.33","7.5",1415,1,80,9801
0,2,8,4,0,0,0,2,"20.08","1.25",0,0,0,1
0,2,7,4,0,1,1,2,"27.58",3,"2.79",1,280,11
1,1,13,4,0,0,0,2,"21.58","0.79",665,0,160,1
1,2,14,4,1,1,0,2,"28.25",5125,"4.75",2,420,8
1,2,3,5,0,0,1,2,"26.92","2.25","0.5",0,640,4001
0,2,11,4,1,1,0,2,"18.42","9.25","1.21",4,60,541
0,2,11,4,1,1,0,2,"23.25",5875,"3.17",10,120,246
1,2,8,4,0,0,1,2,"23.58","1.79","0.54",0,136,2
1,2,9,4,1,0,1,2,"28.33",5,11,0,70,1
1,1,6,4,1,0,0,2,"25.67","2.21",4,0,188,1
0,2,11,4,1,0,1,2,"28.58",1665,2415,0,440,1
1,1,8,4,0,0,0,2,"22.92",3165,165,0,160,1059
0,1,1,1,1,1,0,2,"24.5","1.04","0.5",3,180,148
1,2,7,4,0,0,1,2,"24.75","0.54",1,0,120,2
1,1,10,8,1,0,1,2,32,"1.75","0.04",0,393,1
1,2,3,5,0,0,0,2,"48.08","3.75",1,0,100,3
0,2,9,4,1,0,0,1,"28.42","3.5",835,0,280,1
1,2,9,4,0,1,0,2,"25.42","0.54",165,1,272,445
1,2,1,1,0,0,0,2,"18.58","10.29",415,0,80,1
1,1,4,4,1,1,0,2,"21.67",1165,"2.5",1,180,21
1,2,8,4,0,0,0,2,"24.58","1.25","0.25",0,110,1
1,2,3,8,0,0,1,2,"16.33",4085,415,0,120,1
1,2,2,4,0,0,1,2,"26.75",2,"0.75",0,80,1
1,2,6,4,1,0,0,1,"48.17","3.5","3.5",0,230,1
1,2,1,1,0,0,0,2,"23.5","2.75","4.5",0,160,26
0,1,11,8,1,1,1,2,41,"2.04",125,23,455,1237
1,2,8,4,0,0,0,1,"23.75",12,2085,0,80,1
1,2,11,4,1,1,0,2,"18.67",5,375,2,0,39
1,2,2,8,0,0,1,1,"30.33","0.5","0.08500",0,252,1
0,2,8,4,1,1,1,2,"19.75","0.75",795,5,140,6
1,2,13,4,0,0,0,2,"26.17",835,1165,0,100,1
1,1,8,4,1,0,1,2,"28.75","1.5","1.5",0,0,226
1,2,11,8,1,1,0,2,"28.67",9335,5665,6,381,169
1,2,11,4,1,0,1,2,26,1,"1.75",0,280,1
1,1,4,4,0,1,1,2,"23.5",3165,415,1,280,81
1,2,10,2,0,0,1,2,"26.33",13,0,0,140,1111
1,2,8,8,1,1,1,2,"54.33","6.75",2625,11,0,285
1,2,2,4,1,0,1,1,"31.57",375,875,0,928,1
0,2,2,4,0,0,1,2,"25.25","12.5",1,0,180,1063
1,1,14,4,1,1,1,2,"33.17",3165,3165,3,380,1
1,2,8,4,0,0,0,2,"39.5",1625,"1.5",0,0,317
0,1,5,1,0,0,0,2,"17.67",0,0,0,86,1
1,2,8,4,0,0,0,2,"23.92",665,165,0,100,1
1,1,13,4,1,1,0,2,"26.67","2.71","5.25",1,211,1
0,2,3,4,0,0,1,1,"22.5",415,335,0,144,1
1,1,6,4,1,1,0,2,"39.92","0.54","0.5",3,200,1001
0,2,6,4,1,0,0,2,"26.08",8665,1415,0,160,151
1,2,2,4,0,0,0,2,20,0,"0.5",0,144,1
1,1,3,4,0,0,1,2,"31.57",4,"0.08500",0,411,1
1,1,8,5,0,0,0,2,"26.75","4.5","2.5",0,200,1211
0,2,1,1,1,0,0,2,"24.92","1.25",0,0,80,1
0,2,8,4,0,0,1,2,"32.25","1.5","0.25",0,372,123
1,2,8,4,0,0,0,1,"17.67","4.46","0.25",0,80,1
0,2,11,4,1,0,1,2,"37.75","5.5",125,0,228,1
1,1,8,8,1,0,0,2,"22.67","2.54",2585,0,0,1
0,2,1,1,0,0,0,2,"17.92","10.21",0,0,0,51
1,2,11,8,1,0,1,2,"24.42",12335,1585,0,120,1
0,2,8,8,1,0,1,2,"25.75","0.5",875,0,491,1
1,1,4,8,0,0,1,2,"26.17","12.5","1.25",0,0,18
0,2,6,4,0,0,0,2,"22.75",6165,165,0,220,1001
1,2,7,4,1,0,1,1,23,"0.75","0.5",0,320,1
1,1,8,4,0,0,1,2,"25.67","0.29","1.5",0,160,1
1,1,4,4,1,1,0,2,"48.58",205,"0.25",11,380,2733
1,2,8,4,0,0,1,1,"21.17",0,"0.5",0,0,1
1,1,8,4,1,0,0,2,"35.25","16.5",4,0,80,1
0,2,13,4,1,0,0,2,"22.92",11585,"0.04",0,80,1350
0,2,3,7,0,0,0,2,"48.17",1335,335,0,0,121
1,1,13,8,1,1,0,2,43,"0.29","1.75",8,100,376
1,2,14,4,1,0,0,2,"31.57","10.5","6.5",0,0,1
1,2,8,4,0,0,0,2,"20.67",415,125,0,0,45
0,2,6,4,1,0,0,2,"18.83","9.54","0.08500",0,100,1
0,2,14,8,1,1,0,2,"27.42","14.5",3085,1,120,12
1,2,10,4,0,1,0,1,41,"0.04","0.04",1,560,1